id,type,fk_payment_id,reference
33,daily,097zdo310vrd307q6,sie-cci-fjf-xno
96,daily,881die221myh849e2,ftq-adg-pxm-eis
75,daily,970sbo778rim198r6,hnu-ivc-sku-ftm
91,daily,716vrk760vzn883l6,kkb-rea-ujq-tek
51,daily,674euu414cfp571d7,dru-lyp-qkb-sat
54,monthly,651zvw624evz716y6,rom-rdt-rfb-xvr
26,weekly,701atw605fut365v3,jmc-vkx-win-dvk
17,monthly,663orq990inv540k4,pqv-bzh-kva-lxa
45,daily,559twl159boa477l5,ujp-gir-syp-hoz
24,daily,182qho827yra373j4,cvc-mkl-ygi-bal
96,monthly,429zcj182say217s6,bsw-kse-yke-axw
57,daily,482fir323mwl041q3,doa-imk-ygn-uka
92,monthly,236ean240qip026b6,zsf-bzg-syk-xcg
100,daily,783lkg132sdz162h6,mai-ufi-yrd-uhr
66,weekly,195tfw016hsz090p6,exn-gha-osb-jog
77,weekly,879zlr597woa301n4,vew-qxn-mjn-jkj
60,weekly,128zuk202pzt218v6,gih-svr-bfv-xlk
89,weekly,656xmq653ejs534d3,svt-qyh-npi-nct
93,daily,250ler161qbq492w6,emm-fkg-czw-rpp
45,daily,923wku888gsz658u2,ziy-jrc-liz-tvo
70,daily,549evn558ubb626w1,kxa-ofj-nqm-tvz
37,monthly,695get606xnd960w9,idi-kgj-ukf-lyw
36,monthly,707mbe380pdf760i9,rza-jgt-ebe-wxt
92,weekly,679kxc670pdn434z0,max-vto-wwr-ukd
90,weekly,525cvk208qat476d2,avb-ldc-fts-zux
82,weekly,464oxh543lww248g8,cpj-ede-mfh-xco
6,weekly,081aiu035ikz792w5,znv-rhz-rog-xat
44,daily,656ioc418nmb125w9,acv-bss-duy-rgf
42,monthly,832hbj750ajb431i1,nkf-nkd-qas-skt
41,weekly,240civ498hou351v0,zoc-clf-llq-kwe
89,daily,411bbq782fks267k6,mdh-osj-wrz-wja
66,daily,480trz282rdq768v9,slw-pcq-nnr-rpz
78,daily,112jss615zdh868e2,rtt-bkl-acb-zoy
4,monthly,494cfn557wjd567d4,dgs-auy-zfi-vva
67,weekly,728jfn903hsh021u2,rxw-fwy-dou-qct
20,monthly,752ymw355ioh948l4,ctp-xzd-zme-eov
48,monthly,298xpc066kvo092r7,zzc-vyi-hta-hjf
52,monthly,436wth492ufb893g2,jvh-spq-bap-iez
95,daily,951dso813owg531p6,dkn-gll-imr-fez
49,weekly,882xjk222tua689u2,uku-abn-byw-fho
10,monthly,003yjn888qay926v5,rjk-lak-jdz-jeg
67,monthly,587jkp188cqy685b7,lwb-eqk-fmc-dlw
31,daily,692wnr781sdj962d5,ffw-hlq-wto-cpy
44,monthly,032fxs999bub139f9,oho-ctk-ysc-ofk
64,daily,023cdk482unc920b9,zdn-myo-xaf-jhl
9,weekly,449sex905dbd823v5,jqs-foo-qjk-qfm
7,monthly,741pne252nfj721k4,hpr-nzn-fdb-nms
13,weekly,633umg861oca631p4,ole-tuk-kty-kja
39,monthly,615onl135pei996j5,hmm-yvl-fqf-fck
90,monthly,417jbk334zmh901w8,zrn-lko-cbr-cpj
82,weekly,010zrf129nbj537m9,uij-gzp-aik-jhe
7,weekly,718rgn824vjx231a5,pjr-xmq-gct-zcg
63,daily,370wst907wyj846j0,eka-pnk-cnd-omd
50,weekly,464nvo504rpi708a1,gix-dog-bqm-pnn
89,daily,997ylo676iqw086u4,xbg-qbf-usj-olz
82,daily,684wsp284xyz763h7,vuu-mff-xsv-ckl
76,weekly,116qse923evc419m2,guu-hno-naz-jvc
72,weekly,646kzs224fen733x3,eys-ksw-jek-gns
32,monthly,167ery077qwu248a2,vdx-lqq-qiw-vie
88,daily,067xfl604kkx184a4,ikf-gjf-ddp-ujj
83,monthly,211mtz764sed722u4,tuf-uru-xjv-bdg
27,daily,139ckp688xad497x3,wul-xef-nyh-rnz
39,monthly,858rbf633trj005e1,ofg-rsa-buo-ovr
37,daily,720oia332uul092r0,ztf-hep-hmr-jhq
12,daily,504hyv654fml931w3,lff-soe-zbq-ewv
100,weekly,148fwg447shd484d2,woa-svq-zxd-qpz
68,weekly,093knl821uqt205j4,pli-mfi-tpe-qub
16,daily,938iue325xoh126m8,eex-vwq-ndm-btm
101,monthly,865cnz464oxr639a7,xrd-gld-pnp-pru
99,monthly,943ryn954buy899n6,mkl-fcn-jft-smn
89,daily,003bkk509wrc761i8,ckm-qhi-wfd-xut
8,monthly,196qfb757jhi285t7,fqm-nlv-chd-ocw
51,daily,374jye123bbh002a7,snh-ldz-hzr-plw
80,daily,272one942fdd164w1,tin-ple-oyu-nwp
58,daily,415ryr585wzq765d5,nkv-ayk-bmb-pug
58,daily,585qdh318dns133p4,yan-aod-nyy-dya
9,weekly,508pxt081sgx788w5,zii-voi-exa-nfo
75,monthly,056mtw360yit435k9,sdz-tzv-zmi-vzd
41,daily,801dvg619ujm396v8,rak-eos-sic-kjh
21,weekly,487fip806rww053s2,zqt-ign-yse-vfi
29,daily,870ssn914qzc164f8,ttg-mia-wta-stn
64,daily,731wtq880ncp200o9,aez-ykd-ccg-fok
80,daily,492yon884sfc887x1,fks-yri-spq-gab
37,weekly,866czl120ghg236m4,efn-lfw-djl-joh
2,daily,759jpj349tuy594k2,bqj-cer-qmm-ebf
56,weekly,477xfe112tdm629z7,ulq-odv-vgn-tdf
97,daily,073wkt762jma548k7,ias-nzf-sbm-nyu
16,daily,905aaw969ypc445e7,avy-prp-mlq-vzp
59,daily,335xxr490wrv012h4,glf-aqc-ksj-jbn
37,daily,679gpv377poj881j8,cil-vkb-hbj-etk
75,monthly,890tmc658hwr221l9,qhi-jom-anj-pdp
91,monthly,253mlb570wpo849f5,ddf-veh-grb-chf
73,daily,378rrj702cbk307q5,fuj-fdz-lex-ozp
27,daily,885whc204jxk948t9,mdr-cdz-tkz-tue
16,daily,840jvo596gli643y5,wki-nye-cvz-xcc
100,daily,507rua720srp383d7,wcc-alv-kox-zrk
90,weekly,952mzd982ddi558j3,klm-guh-vti-hle
66,weekly,837pbc363aay748z2,ihs-mdt-yrg-tou
45,weekly,885kma916wha869w6,syf-tdn-svv-vnt
20,monthly,957byq137plh719h1,zdf-ign-pec-fvm
92,daily,934lgw337pky332u4,gyt-hof-lqj-dae
92,weekly,209foc245tvn468s2,bpg-key-fwl-uof
28,daily,665bue209aek831g2,tzr-nka-ozq-npk
89,daily,016nfc397evm472c2,qtc-lzy-apq-nyn
50,monthly,423gfi930oyc160d5,rns-dpb-spy-gjl
49,monthly,157cce725iwd368c6,ivh-jfk-wxo-zhl
40,weekly,861grg513qjm153e9,aav-tbx-fzw-otc
40,monthly,882bqp149frz296p5,mnm-fat-fjz-wqu
43,monthly,559rwp326tcs798j5,mit-vqy-hxw-ohl
7,weekly,608oic737isg040i5,ogh-ebr-tcj-rwu
74,daily,479ggv859uxm462c2,yql-mwj-msj-mjk
54,weekly,769tkq248whh811f6,fgb-ihs-rzz-hhm
85,monthly,466knm598wjv965c0,cbx-qow-ooj-dtj
43,monthly,725kvn618pmu241r3,drw-fpq-nli-mnx
61,weekly,217fci587hjh398v7,pfp-qkw-rxb-bcy
42,monthly,351hzg186svk617a5,srb-imp-idw-kfs
49,daily,837qac995eic492n7,stj-vrw-iwe-cql
89,monthly,085gau243lsu017q7,ibj-mva-cev-uyr
64,daily,083qks230efj164e2,jbe-wlm-mxs-nkm
13,weekly,858hfw623faw901i6,xvk-bbx-ope-hwl
32,weekly,555pfl848zbl643c1,mtp-ikp-neu-zpd
12,monthly,692bqv177qie031d9,ljn-uew-xfl-tzy
28,monthly,090mib725gpe858h1,ipt-jhd-xcn-kia
7,weekly,245yaf403kgv932z8,qad-rou-euy-bgz
95,daily,061zgy758lko350n1,vul-kzs-ujd-kri
30,weekly,978tin918yoc592a6,vhs-rvg-czh-oxi
66,monthly,200vna326jum514o7,nko-obt-ovb-sce
58,monthly,230ved208emo816r9,nqs-dbj-ntn-oqn
88,weekly,326cjm955lrc725l9,nit-ssu-guq-dov
92,monthly,471lnq666xei848r2,zjz-xlq-rpi-xit
29,monthly,226cgi396qmz308n6,zuo-ciu-wre-dlu
13,weekly,495mjd945fdl730z1,fom-kcq-ovl-vah
37,monthly,899rhr953gha918f1,afb-swg-yls-eam
18,daily,738lml282jdi269l6,wmh-olr-ifw-veu
101,monthly,947hzk975cdd092u1,eke-osu-nrc-lux
59,monthly,240pjt585vnv598j3,pid-sbg-tjv-sqh
31,monthly,084xiv760smb414e4,lte-okh-xac-zzr
79,weekly,862ulq312ntg029c0,lam-xbg-lqh-dpt
27,monthly,638wsn948hyg197g4,uwh-qlz-wim-dqb
83,weekly,403uhe749yaa756g4,ffg-ngf-jbv-cxv
77,monthly,510tkv874gbd446e8,izx-wif-cvq-zzd
83,monthly,626fmi766srl877z5,sjj-ynm-bgs-vye
77,daily,061njb775nfs401u8,stk-fou-zbm-qla
66,monthly,994jyv123rdi495u9,ssu-ikf-zgp-pfk
72,daily,861bms589ydr846w0,sok-kid-odj-xbt
29,monthly,471akm981kzm929j8,qzc-nfc-mse-qsq
78,daily,838vwo645wxq932u0,xkk-low-nic-sqf
36,monthly,228eso180scz728i4,dlf-qlt-uyb-iwx
76,monthly,885aet454dph469a3,jcs-odh-gvt-lbp
32,monthly,342drw248kcc326j3,kku-knb-xhx-ymh
74,monthly,416ebr141svg822g7,oqw-lkf-atl-din
55,daily,878ger587kae758n0,ifj-lhe-zyo-wmd
46,weekly,224vhy716udm321w0,yfh-jum-shv-wwk
19,monthly,988twl970anr908d8,mav-jex-lrj-xkb
51,weekly,188zni877twn352w8,kkh-ugw-zmx-cso
48,weekly,839hxq495xjd903w0,itb-fha-ziq-frq
68,monthly,276hwj311fqf890k3,jza-bec-jzh-sfx
58,daily,823gcu094rar044n2,hgw-ezr-lnd-vni
64,weekly,800kpm754evw584d4,mmy-axi-udn-utr
25,monthly,126gok821pbk106l2,nwq-dll-moy-yky
32,weekly,087ltl557ckd620n9,lhp-foe-slp-gua
48,daily,672qsr353vxg795a0,ims-gdh-tts-yeo
48,monthly,678mdy452xsz168o1,xxr-uzy-oba-ccd
89,weekly,697lfa329zqo271e1,shn-gfo-lay-ktt
28,daily,170ccw686pun114t1,emt-ums-uui-oia
58,daily,858pzk944xxz180h8,jbw-byg-oof-kkj
51,daily,666kih186qvd142c4,zhe-ghr-xbu-giw
84,weekly,333uav506pyd161r5,bhn-els-ohx-ihv
73,daily,863qih868paa853s5,ogr-dpp-vsx-fff
3,daily,602coy411ywq066x3,wbi-tbs-pdd-kez
11,weekly,135qou640itl909v7,uuy-obi-jvt-ons
2,daily,645qzj730ord624m3,oom-led-fzy-ivl
5,daily,555nia993ewo183b0,rhb-sdl-acg-oms
6,monthly,959uqs312bbm037o4,uxb-bog-kja-csy
51,weekly,856gat178bpa889l9,cka-dpj-vdo-vmp
80,monthly,063kpq224arg303j4,pgn-kbx-rfu-nzi
64,daily,264lak479qch001j8,oxa-tyw-auk-npd
92,weekly,413yib681dra968x4,bje-jbl-cjk-goo
53,weekly,587qnk177lgq845q8,cyx-szl-kaj-dum
72,daily,558ssk879wya284v7,tkc-cgq-nno-ydc
25,monthly,517iyw075xtb184z5,trv-teh-gdd-zwp
79,weekly,642iow812lfh978e7,vxt-mqg-enj-dkd
94,daily,923mbw938ndl681k3,lve-ysg-jdt-wge
47,weekly,844crq360hzp785e1,men-cpz-fcy-yfi
65,weekly,815uwf588rnd007p4,mqr-qca-egr-zut
59,daily,051tzn153kax836m5,fyr-ioe-ryi-ziq
90,daily,677bml170hsq551r2,ctn-kvg-jjp-loh
2,daily,147ryx693ser111b0,vgv-izg-mtb-bue
99,weekly,374wcn448der328g8,mcl-err-ibb-ych
36,weekly,908vaj866ape886c7,gkl-ewk-ggz-fst
80,weekly,185bmt576sqe860i0,qkv-wkc-nxc-eat
4,monthly,332psy003wwf546v1,pot-lsd-kyp-uvp
13,weekly,691dtq081fmo249s7,ohp-uiw-xsh-jlo
89,weekly,094kdo960lnm741t0,fom-tgz-fym-oed
40,daily,440qgj523pzs775h9,uzf-zyk-uau-egw
38,monthly,436wdl506cdk291p8,iii-lfi-bnk-exr
78,weekly,099vjb652huz803w5,ged-iwe-kzz-gtc
26,monthly,485bdz037tpz162p7,rkd-sgo-fku-qdq
85,daily,009fmt564jjm690j2,ihn-qqe-jmh-qrh
10,weekly,918dnu588eme545j8,vue-vse-ecp-fmc
9,daily,291jvl600eqf216k6,rwg-frx-lnf-ljb
70,monthly,997xrf276mrp807b8,mdp-bsw-yer-zmf
89,weekly,019nnv695ckh803o7,itg-bfc-vaa-kfo
90,monthly,002cbg729vkp085z0,tyj-voy-pwi-dpe
93,weekly,264chl155xof910d6,chm-uqx-hyl-spb
26,weekly,334daw584tru284u2,zyv-yuc-btw-kol
44,daily,840jeu955wuq719m4,rto-sdq-gld-bpr
36,weekly,678zfu469rsp034i0,oqc-gls-dff-gih
33,daily,513hvi405aux231n4,dto-hot-cjd-czi
53,daily,862ibg007qyu028w1,vvt-nts-njv-daa
73,daily,403bqo876dmf871y4,qky-kfr-eld-nls
42,daily,408pff248eyw012j7,rwq-ptw-jvm-cos
76,daily,090fyo671pgd011i2,hkb-onq-zaj-lck
22,weekly,910lrj473zon960b5,xaa-iow-unc-ymw
7,weekly,986kig800zds872l2,gvp-vrd-qng-tys
61,daily,001kho601rlj426u8,vuj-gsn-pax-wwo
41,weekly,113lxz983sor822k2,poz-duv-bvg-kvh
82,monthly,008zas965aci390r9,ggn-ohj-col-isv
94,daily,042yaq310vdz107l2,ekx-uzj-ivk-xwu
11,daily,477xkb457gmu395v1,iph-yll-dcg-pis
8,monthly,339ltx047xzr011y3,zua-ihj-yra-kgk
60,weekly,328yko324ezh476v9,ipj-jpn-uwg-dkr
57,daily,907ixf655opa385s1,vyd-cuq-ara-svw
50,daily,219voe802oqf420w7,bqn-eyl-fpk-bdy
8,daily,261oyl520eie785c8,ppb-qwv-euw-hqv
20,monthly,510fnx600xtb337c3,lya-bpx-lze-jzu
71,daily,047mkj429vmr054d5,cqy-zhr-mho-rdd
87,daily,743wkm723thf922j2,ouh-kni-vkf-xcv
75,daily,631pkf353vhe425e6,zbo-ljv-mwr-ixl
16,monthly,134qyl846tdr499d3,zew-ohp-ltc-zyn
26,monthly,919ipr288gmh843h0,cgl-iir-nvd-ozw
88,monthly,603zlw408lkf075b4,oqa-szy-zwt-mbi
17,daily,435weh686xvw315u1,bth-zpd-wfl-mxz
72,monthly,724wiq901atb316c9,jxb-aty-mgg-dkj
6,daily,450kio881uop728h3,xuz-tcd-zbw-nit
62,weekly,684rnm307osj756u5,gyp-aps-txx-yng
48,daily,395hka702wwq076r6,urt-qqm-xou-ajw
81,daily,074dzn004pan180r5,lga-cnd-bdw-wwe
62,monthly,419pme243lwm050h7,zch-yyf-zhe-prw
30,daily,064dlf984uzo268v7,euh-fzc-lqv-boj
72,monthly,193mtv719ihm887e5,zhr-baj-orf-zoa
47,weekly,346bzb108ajm918x7,dfb-hlz-pwf-fup
63,weekly,778liq261kdn266u3,asv-agu-zbv-bis
7,monthly,705fuh897avp083w2,xmt-nne-ohf-gnm
12,weekly,685ioy953byd395t7,fyj-oqg-eak-xmq
46,weekly,538dmt851uox436j7,siq-fuz-ven-cpw
76,daily,841yww061uia316m6,phq-fsd-zbw-zbi
17,weekly,714mlm958lax243h3,ogp-cqf-exy-pti
38,weekly,434bnn919qzm383x8,vru-ocb-kid-rvq
31,weekly,769cpx870evd311n7,rlo-znv-pqi-fjz
7,daily,149nef973xfb274b3,klc-qdh-zjr-qxs
55,daily,556git368jac003c7,ylq-bvr-olb-wgr
22,weekly,516ryf087ovb721z9,krf-xmm-cgm-nac
21,daily,437oca552ums027v5,rwq-pzh-vpl-zrc
17,monthly,529qby331wqq994c8,rle-pxp-lzr-oav
87,daily,051tue964mfd862q9,ycw-nbu-fks-zrs
6,weekly,932brt887nrv505y9,pgk-uva-gyr-rtm
101,daily,601vtc208ynf752k4,ubt-vhb-kno-sry
26,weekly,083hga437aiz606j6,pio-hjf-wrb-eah
50,monthly,497qpk640ruy886z9,nei-bos-orr-lap
89,monthly,695lbz607bfa130q3,rjb-dju-ect-hjq
69,monthly,810xgz744pjz447j7,uae-ymu-sva-fue
35,monthly,970nhs043jio491n7,rww-dba-eyc-teh
7,monthly,099yjm076ydb682d5,ozs-zid-iuf-nee
45,daily,459oou179bhk428o1,jfe-vds-lnn-yxn
84,monthly,879krb121vek272n8,sli-rtp-hvv-hdi
16,monthly,143wqh180kwa386d8,ugi-csu-jxv-zwn
16,monthly,477kyp841nto840y8,gkw-vcx-kdm-sqn
6,weekly,956bjp611smk369x5,che-stg-qdu-fjw
44,daily,083rdr909aqn389b8,gsi-glx-dsq-pyz
41,daily,634yuk292zyj830m7,wow-dtc-pni-kcx
55,weekly,858qry950lty966l4,kqq-ztu-ssf-ymn
41,monthly,205gdk656qim956n1,prj-bae-zck-dpe
52,weekly,013nin014nvg148o8,iym-myt-ecv-aym
86,daily,484quz328wzs179u6,hzx-nqx-pzp-aqn
91,weekly,782hgx270bdh551b9,bkf-tkj-blz-uke
21,monthly,098jcz390tmz477w6,ktd-ypk-cbv-eyr
94,daily,638voz199uea109c2,wtb-exe-hkr-php
42,weekly,190sxg177eqt722b2,iqg-pmz-ory-fas
16,monthly,842ayy865cbp442n3,bfc-xno-jts-uxd
2,daily,504xvj745fwv034z3,hgc-dgv-obx-fhk
15,weekly,345vqj810gjc895a4,tse-dnv-tpe-ruf
62,daily,983jwu209tyq228r4,lqy-fuv-gls-jzq
23,monthly,189ubk338fyl113u4,act-efi-jqr-qgs
32,weekly,525ohz748yvp474i3,foz-udl-bdx-tku
42,daily,779grr804nyv106x3,sgz-igt-uai-lnk
33,weekly,682iqv630wxa940m2,uey-ijk-iut-lph
4,daily,035rjx125wts772p7,phv-ocd-jto-vwd
38,weekly,578qux539lxm956b3,hac-cjh-uac-alg
28,monthly,097oje836vsm762a3,cnu-ifd-jui-udm
4,daily,666wgf573kad534t3,ijb-jjf-arj-joz
85,weekly,540bzk471znl798e3,dbm-lpd-opx-qna
23,weekly,221haz599gyc507u0,xfg-coj-dmi-rda
39,daily,587zvz932smu282n8,gtu-cec-qza-jgc
88,daily,016fhn204ind081a6,ymr-gqm-mhz-zvs
2,monthly,521vyj898vej116h0,elr-bzu-huf-flz
67,weekly,591wqw550bry317f5,inx-xho-irj-rfq
48,daily,315srx744msa431e4,lus-tyd-khd-xug
59,weekly,511lky072gqo827p1,lqd-jnr-cpl-oju
33,weekly,998mhl864hbt316g8,mhl-wvy-teo-zrq
85,daily,360zsd233llu333u4,kde-miq-kgu-cps
90,monthly,019gxe529dya554k7,dzn-rsj-gjm-czt
36,daily,566zxx276pgt029h4,ojg-xog-jmv-uor
91,weekly,058zde175vog739v1,ofx-mmp-hct-oyf
4,weekly,450dwm683ktv506v2,ngm-maa-lye-imz
61,monthly,283jyq876gpt098e1,fht-fer-qdt-npb
40,monthly,019vuc161woa947p7,lfc-ryz-ymq-utc
75,daily,724sdw167ksm053n4,grr-lda-szt-mnr
87,weekly,623fqi221scq524y9,hwm-sca-cbv-lkz
83,daily,764zum642qlb799y3,kdu-tvj-ees-bev
54,weekly,945iqg169dqq005u2,syf-ops-jnw-whh
79,weekly,115ocv570lne173h1,fof-tyy-cpc-pqv
40,monthly,204cde145ugb588x0,wtl-agz-oai-hce
55,daily,177uex897tlo433x4,pfj-yfj-xfi-rux
95,monthly,892odt289lab556x8,rnj-vyx-gap-tjb
34,monthly,191vou060vnf402t2,nqp-ihy-jdh-ptt
27,monthly,247ufv821sbc108c3,tfm-lhj-txd-pjc
51,monthly,070nlh959oaf907h8,dxj-wst-pqf-axk
21,monthly,258eqt975ald239p9,kaf-grk-qid-slj
34,weekly,454dnp790kfv660x5,zfz-vfz-olj-upb
16,monthly,658jge911hji162r4,rze-bqu-kdm-dix
34,daily,097tqn178okf596l9,kya-uej-lof-fqp
73,weekly,297jgt764yhq636y2,rpy-xrd-yrz-ixy
77,monthly,456krc216ctz480o0,ysf-xoz-zpb-gpy
22,weekly,176tnk373qkp490r7,xkk-itj-izs-zvt
37,monthly,343tme042alp911e8,qad-cul-qcz-uei
81,weekly,711xrb812jht966y5,vgf-bef-gan-men
97,weekly,790rrl193ymy636v6,brq-iws-mvn-plm
71,monthly,772ydi158oma572k2,xxi-cuo-arf-wvm
31,monthly,051fdk964zpz291w5,wff-jcy-eam-mkg
42,weekly,728mdu800oxz198y5,jmx-jdi-iuk-qyr
58,weekly,819ado421vwa928e5,mzz-mlm-fem-brq
44,monthly,212gyw775qll012o2,ohy-olr-ocu-jmd
43,daily,989qpv244uwf153c0,gvl-vbl-vab-uqj
94,weekly,300gzi611bil659z9,wnz-ddc-ook-dmk
14,weekly,163xfz336hfu544b5,eqs-eyj-mgg-moq
57,monthly,772tdr347peo876t5,edz-vls-ute-wyb
31,monthly,206qir834vdj479v0,abf-dqx-ppz-eet
54,daily,688jct854gct256k0,xwj-imj-voa-kze
41,monthly,930tqc112wwd808z6,wtz-jez-oen-qpl
82,weekly,131dcv881ftm268n8,kve-psy-bqj-ahn
96,weekly,852opu260ktr003d7,xsp-xnm-qwv-mjt
91,daily,022irw532vhx041c4,xbz-tyg-hec-tdc
88,daily,392qsq709lzz551u2,ylp-rag-gfy-dgb
65,monthly,620pdr658iex621r5,dvz-ygo-lif-ltc
51,daily,610bum634xqy413l2,pvt-pxq-fjq-kfj
36,monthly,443jsy652vhy864j8,alc-rlt-mim-vun
16,daily,124mqi365kse840b3,quh-hsa-ayx-zyo
78,weekly,970ztu380sco898x3,xio-urh-mqf-jol
2,daily,151bvh434mac705q9,ijy-yip-aiu-xsa
46,daily,409get203mfb787x2,srl-anf-prv-ext
30,daily,032mah437xiu470v6,swx-ynn-peu-gpc
11,weekly,927lgx753wbc452o9,blw-unu-kyj-opx
91,daily,881cuk893hln645j2,uxi-hsf-sgd-rwh
2,weekly,132qpi004thp669r8,tpj-qnz-tre-gsp
6,monthly,589pvk821sjg372c7,amx-hid-gso-btv
44,monthly,194wxr361yas035s8,zmo-mxg-mmn-wnn
22,monthly,597okh974cod291s6,myw-vov-rsg-rap
40,daily,372zor087jgb847a4,dzn-dlo-zkx-qxc
62,monthly,565zwr723myb096k1,qnd-neq-rrl-ijq
46,weekly,781qxh707smf072d5,ctf-obr-nhh-fqz
58,daily,723trd392zhl459u2,gfx-zgu-lxl-lky
55,monthly,473ajw672ekn136s9,xzf-flu-rdu-sxj
30,daily,265eng302xfv235u8,zhb-bxh-ras-twu
95,weekly,215des060lex791y7,pzc-cdd-kzr-vut
48,daily,282ujz736bgb707o6,jtj-fra-zhm-cjj
11,monthly,694ogx098inx128y7,kwa-hsm-nxu-elu
101,daily,174oth442pea238v6,wft-ofa-msq-rjc
88,daily,354hea910vwy587f0,eoj-shl-imh-wux
78,monthly,722fnu080pfz982m1,ldm-sxb-ouf-xck
34,weekly,015wgr599ejk395d9,txj-mpa-eld-hps
4,weekly,860ziq283jvc084m4,zvx-fbg-apm-hlq
64,monthly,338lkx158mcq656r6,jzf-xrj-dnu-bmi
90,daily,194yzk126rxl373d7,ekn-gda-glm-hxe
56,monthly,126sov160vjd756k3,yly-cfx-hju-kju
30,monthly,182oqu397gdv276b0,pjo-iar-imr-kok
35,daily,814nso900zom245y9,jkt-lgn-kym-xzy
60,daily,916epc695okd682a8,iou-fve-het-ufn
83,daily,668ijw396evb987q1,vhi-hqm-opu-hzh
96,monthly,323ezl934ent173s0,mec-tro-cvk-pbf
90,daily,601lim245gux395h7,mod-coj-uup-gqo
98,weekly,661qss788tcr729y9,emo-nim-rou-iqs
74,monthly,977hup104pms046c7,qbj-fxp-yty-xeu
67,daily,212mei830npy764n9,cfj-hkp-kvu-izv
9,daily,038gki982qei797s8,hks-maf-yrm-fgz
67,daily,014ofq702sav374n9,ysp-zng-jbe-tjo
31,monthly,919asc889eao809l3,low-szg-wyy-ues
5,weekly,786laf958ykt148a2,uax-haz-jmg-pms
60,daily,976qyj859vsc289k2,uje-ucx-kqw-eee
23,monthly,509lwd246ntf228c7,vvs-ilo-giq-kae
71,daily,589npm514voi538l1,ztx-gyi-hbt-vyj
16,daily,509uoq904zby100z6,ioa-xnd-dto-evb
46,monthly,962rlm511sdf452c9,ptj-ato-iod-grg
96,daily,604yns611hwp912h2,fjj-kfh-aqj-zgc
95,monthly,892bcp607bey809s3,thp-dxp-xds-glc
34,monthly,863rnv948brk787l4,zef-gue-vpu-zfb
89,weekly,019ovg492rgs946k9,bfg-hzs-jes-nrr
90,weekly,965fza291thr175t9,pnz-irv-tam-uyv
57,daily,184win856xbv935k2,oif-qgg-lkf-rtn
19,monthly,405vlh225npw615g4,nyp-xre-jbw-ape
26,monthly,441sii684vve520x6,vrj-jsi-apr-vaq
30,monthly,948qun469oej076f8,kgn-uiu-jnp-hlr
44,monthly,057bzl004tmo284q8,gjb-awg-tpo-fot
43,daily,606sua280nlv745c6,zhc-ych-pkt-zmc
4,weekly,695hwe579lbb143y9,ity-trg-etj-wfq
61,monthly,004prm339wbx102p9,zzu-gne-mcq-brr
41,daily,385joy003jtq255v2,jai-ijp-nxz-fyx
41,monthly,058hwe911teo862y2,bov-yog-uap-cvp
100,monthly,183tdw311ajn851u2,zab-toq-ivs-dqj
98,weekly,586gkt574jtp620g7,qrj-elp-fku-fhx
45,weekly,408dzr184amu679v1,jrn-zdk-btc-vsh
40,monthly,148clg927adw482f7,gjx-cvp-naq-cai
70,daily,960ymc990ocp130u2,ltu-dam-xyj-efo
76,monthly,872xuh418bgs235g2,jfb-act-rbr-ejp
83,daily,837gku223lpr709p4,tmt-fod-feq-nhm
76,weekly,976ulk176ufs074c2,niu-zeo-mcb-nfb
47,weekly,341ovw232sli875h5,utl-twl-ukk-pmy
98,weekly,518qbh388uhh180q0,nip-exk-dgh-zve
18,weekly,814bnu057mhf534q9,loa-bdl-cpa-aip
25,monthly,657hdo190xcf625o9,jtk-dil-ryc-asc
84,monthly,145lay328rcq197x4,yfh-jql-wdw-dte
26,monthly,960axq521nlo241z0,ojv-vad-cew-cty
53,daily,951ztq297ifo697n2,iyy-epu-qys-jwe
7,monthly,706qxj284jhm068q5,nqi-nai-ljr-rcz
69,daily,971drl333geb363c1,pwx-eia-ymc-aiv
33,daily,623smt035irq219g6,pno-zqr-jmn-otg
48,weekly,411hmn976cru409c9,tul-ibz-mlr-pnu
89,weekly,401emu431gba469o9,hmf-plt-cnr-kwm
10,daily,471vwq099kcg704m3,vwe-bqm-yvn-iev
82,monthly,385cnl173aqq034h2,xmm-flv-oie-eat
9,weekly,891fmi546ikw942p1,zst-otk-mma-qjl
14,weekly,137oqj426hoe499h0,ssp-iry-whq-xbo
3,weekly,512buf227jbf502j1,gbo-yhg-fhb-ddm
85,weekly,771gmv524qqp700n2,ldi-dqe-hjr-jbz
42,monthly,563xfs613yeb239d1,gsa-bhc-rkt-mbd
4,monthly,837gon152apn258f1,owb-udf-vpm-oaw
31,monthly,992ygt771shg671s3,men-ovp-ruo-uts
78,monthly,963jqy949cha111u2,tys-iud-dfg-pcg
50,weekly,037xog845smj475x8,ski-nlu-cqb-jbp
17,monthly,683yys940fyn985q4,joj-pfa-tfu-bii
86,monthly,218cmw245pqc184v1,qbv-xds-vtq-mai
69,monthly,951gfo837bwo211z2,nvo-ful-qqp-nnd
9,monthly,147fjg411wje163b7,vsm-uvp-hhb-zve
2,weekly,318qlq366rlg669y7,kwc-fht-stt-yen
45,monthly,095und039hvf499i6,spb-mgr-fsv-aeg
22,weekly,026vqq132hvg873q2,nsj-qjz-cnl-bdx
39,daily,040ccr290phf834l7,uod-wqg-lhd-lui
77,weekly,498ssg422ylv517a6,rwq-ybc-cvv-xfh
68,weekly,051noo506glu057l5,uwr-xwh-oab-vna
2,weekly,605yqz797yim862n6,asv-duz-wox-qst
87,weekly,099jeg931yud235s9,ynj-kij-sjp-hwu
51,daily,517fzy343nwj862u9,qyu-kqj-zaw-tqv
53,daily,907jtf007qew003g4,lxu-vam-lbq-eue
93,weekly,760gnt470auq779y0,aei-kne-aul-tfc
47,daily,868pln070ade596h8,zqf-qku-lnh-qik
21,weekly,113sta264vas191w9,dhu-tvz-lrp-ilo
69,weekly,811moq732ldw167f9,enf-bsj-wtl-mqd
84,weekly,523xsl958ugc179m9,pyk-wli-fon-pzr
62,weekly,169vlz914jqp842e6,wwz-qtj-kkm-wgi
5,monthly,948okm030ovr065x4,idc-hve-rvh-srx
58,weekly,906pfd001fff203n0,wbr-chp-zoa-hum
48,daily,809eur799nsq043u4,xef-pyu-lhp-uft
60,daily,466jen129qcf327f2,ayg-pps-oze-swe
85,monthly,889lrh145yyw888l4,gqh-crz-yld-dmz
18,daily,156xxh694ape964y2,wpz-ldf-lwr-bzg
14,monthly,986qce974veo368m5,ler-hrb-cxc-cgi
13,monthly,216hbp799jdm753l5,qib-znj-mab-typ
15,weekly,567mdo651rsq466o9,prx-igi-tgt-xwu
77,daily,599xeo827kjc833y9,tkc-izc-wzp-ybv
101,monthly,067xyx247adw173d5,iwn-cji-ylw-gsd
79,daily,921ais215idd209p7,cvb-ykq-mxs-wfa
59,daily,286bsu665biz722v4,psi-kdc-njq-zlf
69,weekly,684swt030vwj397s2,ggr-uoj-dnl-iyx
8,weekly,594epm672laq639x0,kxk-qgo-tgv-coe
94,monthly,123qcs275pvt164s1,yfw-zyv-cgu-vgl
83,weekly,333zvt234krx361o0,aco-gtt-fyz-kpl
86,monthly,465jdf751kao163g8,ipd-qte-fhk-mae
21,weekly,758nuz463urz574s3,jnc-hvz-slh-hlb
87,daily,848xkj596zyx866y0,agi-hod-yhn-dtl
11,daily,146pyv837tus601l4,qlk-unx-yhn-ldk
21,monthly,137xmx549big920t8,exn-tbo-kuf-idx
19,daily,723yaa958akl492m9,zvz-iyv-xls-tgr
43,weekly,074bca506gel352f0,baw-mal-gan-enj
78,monthly,971ddb841bcz840u0,rxu-oyk-egk-ext
33,daily,058ujw267rex277h1,bsl-jlw-frv-mvh
31,daily,524loa597zze612v8,lmj-oei-uou-grb
58,daily,462czg468sso798g3,kft-gmh-lic-ndj
33,monthly,856gnv867eyk791f7,whe-tvq-wwm-qvs
68,daily,497jjv644ijt725z2,vsm-csf-jzp-pvc
48,daily,052ydq061lkj261l5,hat-znr-peq-yvy
76,weekly,175whp094uum135n2,qru-rov-voa-ett
74,daily,826cqo071vge581j8,gte-jgw-srj-cpd
78,daily,856svw832mqw727d6,see-jsp-gji-rhh
67,daily,618ekn665fnk909k7,qnd-vfy-zvp-ynb
20,weekly,764ene350vjm670n0,dhf-rcq-pxz-blu
42,monthly,707joz068blh784d0,juu-wov-sae-qxq
38,monthly,174rce829ngu062p3,zvd-nzw-frw-wja
66,weekly,245crc229iwg765h3,wlb-bvm-qlv-ppb
40,daily,355kom927hbc962f0,nyt-fvu-omn-pll
39,monthly,076pun688rtz058o2,ebe-dry-ejl-ruc
10,monthly,287yyw037fnw359o3,izk-uyb-xww-awv
85,weekly,485auf411icz051u0,igq-clv-zkt-olc
33,weekly,198tae194ozc283o0,aqi-xld-axh-oby
26,monthly,274whm955sre218d2,vbp-zjx-dnh-tcq
6,weekly,349pha349piu799e1,cpc-qsf-emv-spx
44,monthly,847spd624bbm803m2,zhf-oyt-yfi-cks
88,monthly,174ens194mkb419s9,cwb-wqm-wvw-huv
53,monthly,896urf304oun815s1,hzd-ujt-wvv-ipe
18,monthly,658hai386zoz073t9,wdk-nkm-pbt-dhm
46,weekly,689kjo186jih103c0,ioq-qbn-cim-tgl
76,monthly,761qwq214hbc240k3,gux-caj-dsv-tdo
97,weekly,535xpa894vzw092o3,qxp-nfr-qvj-csz
78,daily,641irb335ccf532z9,nlr-few-imh-isx
70,weekly,535vka562gic449e9,krw-fbb-qjv-dbu
22,weekly,965roe084yli465n3,uzd-gvs-bom-vmp
55,daily,849hob541tbk801z5,gqf-zvj-bwy-ise
14,monthly,242bnb763pac260a1,tjq-nnp-ims-aif
53,daily,750wvq162ypy612a5,scc-qkl-cvl-cuw
94,monthly,830xrm977tuc844r0,pyy-soi-mky-ycj
86,daily,678ueq809nhx579m5,uqj-zfb-qtp-lyl
71,weekly,828pty861loa276s5,ark-lal-ehc-qgl
7,monthly,038fco887ssi399j7,nxm-gxi-iqw-yrz
17,daily,706cwz779jat045f1,kyt-dgj-dzn-huu
23,monthly,195czd582nvy598e6,xun-rbq-fnc-ksj
64,monthly,405awr058fch446i5,cah-obd-dwi-wmp
88,weekly,173vuh272gqr594h2,ywm-heo-kot-vpe
101,weekly,639hig476mcz876o3,ceg-aqx-hdd-xxr
10,daily,639eow986nzk663w7,vup-ekk-sdz-bvx
92,weekly,130owx801dfz188j2,zpw-oum-fej-jip
24,monthly,396pbf558wvx718l3,tim-vif-lvg-wqx
38,weekly,591kaj704vzh256e8,hlq-dye-szg-eud
44,daily,126qia779qtw905r1,jxt-mba-afk-ofz
51,monthly,855ybj551vwa856p2,ten-sbv-oye-ppp
86,weekly,159mwn557kao743l0,dpn-vdi-vec-syc
49,weekly,967nhg567qwn973q7,vos-cfs-hfy-yni
72,weekly,484elo900uil647d9,cdy-dif-fuv-ghw
22,monthly,910uhy699xuj667b4,icx-eoc-kyl-wvg
32,daily,185zfz420rbt282y4,hoh-nsi-ryr-xuy
46,monthly,312vlz427vuo589z8,qfw-key-bur-mya
52,weekly,521mmd223mgy146g1,ocp-von-anw-lnn
36,monthly,979zzd118ofi296j0,lsl-rlf-dsl-fbt
61,daily,255fhs280uvy654g5,dyb-evq-hrs-hgk
27,weekly,859hhn223lnk956v0,jji-pcr-goz-bud
33,weekly,244cim655hrc427e5,xmo-zrc-tvp-knw
14,weekly,607rpq979qzk109y8,zmd-svs-krc-nwn
67,daily,621sej114iej764x0,fwo-ijy-pqp-zse
18,daily,567nnm842jkx391i8,msh-epx-utk-lpq
14,daily,195rgz466dry658x7,vhj-ksm-saa-gbz
32,weekly,966fia567jzg077a6,xsq-rlf-lgl-ltu
81,daily,258wva183suh666q0,biz-fyb-wda-fvm
35,monthly,629zni865wvm766k5,lqc-tzg-aut-qin
19,monthly,448mjl292jvo393m5,uvz-wnl-jpk-dxt
60,weekly,404qft835gip149j1,apn-ndx-vqb-pxg
44,weekly,126dug022aot690y2,pkr-oen-ntv-ldn
22,daily,897gav121jbe136s1,vov-plv-ssv-koa
99,monthly,643xdn185cra199d1,tod-bpc-sid-eap
74,weekly,695leo782pjr627i1,cyb-pao-fif-evz
49,daily,543ftw558tlg600s9,bgj-cba-yli-qsg
96,weekly,508ruy939lsb931j1,rgu-frt-fom-yjl
40,monthly,952iak107tkz442s1,mio-gbm-jbw-zfw
69,monthly,491gug242iom561n2,qtc-rah-lte-bow
90,monthly,566mqh196cxg301e7,zsz-ddk-bxz-owv
83,monthly,370kwp967quw262v9,iko-orc-qmc-dzv
97,daily,783yqj397ezf299x0,abd-eay-lrl-did
35,daily,868lvo449smn063h0,ccr-ttr-btj-yld
88,weekly,534vvj738dsg343v3,ayp-ucg-imv-mia
28,daily,664mta863vvf273f4,zlf-xdg-sss-hlz
92,daily,782zib325cdw177g9,ert-spr-gdc-fcg
93,daily,801kub403tnu122x1,zym-bvd-ald-nwe
83,weekly,081oet108vii888h1,urz-mna-qyl-nfh
45,monthly,245gsb945xgz936i4,riq-mbg-gms-tni
81,daily,424jrb851vhr584u1,idq-tos-usy-ywb
16,daily,772tdg300ver330o6,pfx-qpz-gcf-oqg
79,weekly,262vvi547rvl335w8,pqf-kiy-fqq-ctw
65,weekly,309wfz319bke843t9,deh-xcb-sjd-oqi
64,monthly,974kbc782ucz765m0,daw-xrs-mjt-iiy
82,monthly,639cjr833nmo175y3,uee-zyh-hen-gwf
60,daily,535sva181xui882v5,nsl-vhm-gyk-fgj
54,daily,055ama056kcs240e1,vvi-pmr-cdk-fzq
83,daily,895nty793ssj437c7,hyq-onu-ugx-slw
46,daily,064biq190tbf635h3,ilj-xwu-cgg-fvp
56,weekly,363typ250dxn547o9,yvb-drb-xuz-fha
59,monthly,973uwu923guz244t1,dgv-tct-gnw-bmq
4,daily,687qgu209kpd169n3,wcn-ahp-nxd-vgb
17,daily,600goi329hpb637e1,hhq-ora-fgd-nim
3,weekly,792ssm743ndk943d8,vqp-slr-bhg-pqe
64,weekly,864tjc583pie324c6,nlu-rfj-biu-wyn
62,daily,956sdk237prn815c6,hhr-wao-jvn-tif
62,monthly,901nmz075rvy911n6,zhw-tar-ygu-qjd
81,monthly,338plh917svt134r0,jkf-nhs-ngb-iyo
43,weekly,231phf797ols313i9,jcw-mjz-bdt-igh
83,weekly,231epe770ndl516d5,brt-rtf-ldp-lhz
84,daily,559djm921dxf392j7,tbp-uwd-vfq-usn
52,weekly,722odl228riq238v1,ogm-ktz-edf-pwl
96,monthly,813iqx357ido835j5,oav-vec-lga-qwx
101,daily,495exo997rye028u0,gai-dmg-xtq-jnm
99,weekly,410mcy605wlc703z0,ibo-sop-mtw-ook
29,monthly,135xbf921pzw103x0,ikr-xja-iei-fsn
25,weekly,938owz317pme822t2,shq-bet-wwh-tti
26,daily,069bdt319edt590u6,tbp-fft-wwu-rlx
51,daily,406jxa548lpx131s7,vgp-sku-hhw-nia
16,weekly,523sva125oxu045i4,alw-ntz-hvp-vxc
39,daily,149dso096kks903c6,jcp-irs-nva-bws
8,monthly,449yep382nlm673x7,wgs-yjr-dgw-ztr
18,daily,042fnx140oqr228i4,yqk-ena-frs-uhi
27,daily,639ilp645akq700q9,sqd-hxc-noc-ayc
52,weekly,134cpg274wkr121r8,ihv-bpx-mqh-jjl
19,monthly,968aej170ppd748i3,ilo-vjw-oki-pyw
19,weekly,187bga601zdi053y8,ptw-umc-ukk-nrg
34,weekly,308joz061fle614n9,xng-kuf-cqx-bac
10,weekly,670fys342qkf985d9,szf-fkh-czj-xtb
68,weekly,272yqy165lhc634j7,ljq-lfn-okz-htv
84,monthly,587fsc161rcx102x4,feb-rwv-zpv-omh
82,daily,411ohe183wyc797c7,ihr-nnd-lbt-drf
6,monthly,525wrm596fsa979s2,adk-mks-rfv-rbj
31,monthly,342nnt930mxm547v0,zqq-jvo-wwf-maq
70,monthly,555nlt473hwn848s5,bnf-irh-vzi-net
2,weekly,247cpt591tau722a6,mkc-dbt-dmg-fkp
82,daily,614iik276rtk992s2,xaq-jea-isf-skt
20,weekly,641evg567aze860b1,box-vot-alk-nyz
14,weekly,181jsl578tyz497i4,oqy-ntf-lkh-yls
82,daily,773cwu074xdh301w3,ztc-lbv-blu-hcz
34,monthly,808dgx310ipy757h7,zkr-mrs-tdv-fjt
34,daily,366arz880gvj807t5,dnn-hsv-aek-chy
29,daily,665zlg012oul349t6,lah-ofz-tyt-jdq
29,daily,832zqn714qqs082p0,xfe-bbb-ckf-brn
47,monthly,448qzw700wso049o7,igd-gqv-frp-zfa
93,daily,470slr521fvy037o0,rkp-jvg-iiz-xyz
55,monthly,957fhg973baa198t5,wfv-cto-rlf-aqk
70,weekly,680zol050ecv694h3,hsz-ekv-mxf-gax
60,weekly,333bew145tuc531s3,mzo-xlj-vwb-qcg
95,monthly,715ldr227vhy301a9,gwm-zgf-nwm-ezq
18,monthly,476vzt722hmi707a8,ghb-bhh-xcy-jis
86,monthly,412jbu651ebx287e1,jba-uke-jvy-zcr
34,weekly,472crw260rqp119s6,cjy-vml-zye-zrm
95,daily,279khw118rdb038o6,wkf-jpy-zmj-qxi
18,monthly,040voa016won450q7,bko-ohy-fdx-cws
50,monthly,140pkm342duj284n3,hjq-zbj-xcv-qfk
5,monthly,671kgu313agr741p1,jzz-kap-qss-xum
2,daily,233nba907gwq851w7,rbz-kvx-wex-eoa
82,daily,128byr278rah832x2,ewz-cir-djo-wuu
84,daily,719byp525bur764e3,far-kwa-wxw-nei
7,monthly,339tun256lro796q2,ddz-zvv-dai-aol
85,weekly,581smy995kau272p0,adn-znd-plf-fby
66,weekly,612ntg931iox278n8,jaj-tny-wxc-kbd
54,monthly,781ued383wfb941v0,fkw-zjn-zpt-apr
91,weekly,569ral137lup049r4,dza-oig-ayw-kmz
10,weekly,613gdq504bgj923v7,oja-ufb-bzn-vfj
60,monthly,389iex028isk937z9,pxn-yjm-prb-ttc
87,monthly,809juc327ddt800g5,ebl-thj-fgq-oox
30,monthly,852jry199qgp723r9,zpt-olk-rtn-cds
48,daily,931ddk206ypb266q4,cms-duf-ssz-akc
68,weekly,438ira837mxg104d0,ilw-pml-pca-mwk
32,weekly,704byb844nfn156b0,ntl-tjs-bcy-iun
18,monthly,128uih793lzo547l3,voz-dge-tfk-shh
91,monthly,870vgu653mjc260r4,gzc-uiy-mea-rop
6,monthly,109tsg033ibi462n8,egj-lew-nud-bpz
82,weekly,551pcj159nup653l0,ahc-iyg-wnu-izo
48,monthly,279gcc868vfj233h1,xzo-ovw-xrv-opk
56,monthly,562xgi714vtp523g1,eau-euo-rhh-jqw
44,monthly,286ubj358pwm809d8,tfi-zmb-qzi-vho
99,weekly,623ktz717oqi197i0,vjb-egb-cjq-ndx
13,daily,578xhn534ugk123q8,ycs-fjh-dcz-sgy
47,daily,290mju984ohf948o4,anr-smu-veh-nnj
62,weekly,793tik232xge859v2,ykp-idf-vuq-nba
52,weekly,292lbx543ayl748j8,spm-kiz-uvv-dhm
72,weekly,918fap998fpf280u8,hrk-thi-ejw-tya
38,weekly,075oje601ycj954d1,ckv-lic-kwz-het
81,monthly,385qam662fzy366b8,iaw-sfd-zhq-giv
82,weekly,825onz926mrg865w4,geu-ppm-sct-tog
36,monthly,484jul271ohz374d8,rfs-raj-lbz-uec
38,monthly,018kqy175bwg325p6,yba-ign-nng-xjx
16,monthly,710gqe222oxf365u6,yej-lte-wtk-hqh
82,monthly,808dtk460otg364f3,vad-fob-umv-zvv
92,weekly,970kwo335uev194h7,ofd-fms-kvm-gvt
60,monthly,661whq766uzp963k7,vlb-kvf-ftv-ftw
13,daily,677iua600rde905r4,jnq-oqr-rvo-xuh
50,monthly,731iae671rtz477r0,sli-epu-wjg-ico
81,weekly,460bko573tlp668y8,mho-jqb-ofz-bgf
95,monthly,766cqu600rqs172p4,ukk-lma-apb-ubk
65,daily,033tvm136fls351o6,jkg-uow-ywl-ujr
88,monthly,147bdp948ttb628s4,gvs-ojj-mxl-yfh
51,daily,067dmv597bel190u0,xgz-ull-wpq-dck
38,monthly,272owd544hvu744f0,cdl-agn-eel-vej
54,monthly,355qcu253cff584s0,quv-swd-wsh-hwo
55,daily,619cpr196mcw207x7,gny-dbg-ydl-qsk
78,daily,119yui436vja533z9,gaw-ygn-vog-jeg
59,monthly,927som473ybn385z8,abz-ukw-mvw-okv
12,monthly,015uwb107rec278r6,gkp-azz-hlr-tik
67,weekly,166wma907auu820j6,gqd-owb-mcj-iyx
60,daily,494gyv287kvs673c6,cek-nvv-lme-row
96,weekly,166lxm036oaa316x9,mzn-rki-zgg-ckp
90,daily,229scm158pjg005o0,jzj-cen-nlf-tmd
61,weekly,464yen463wfq562h6,dlu-ozj-udq-rvn
94,monthly,061cfk488cdg374f2,nyh-iva-qrz-wvs
84,weekly,628gpy991gvi266g0,csh-bkb-cvj-nsb
19,daily,939fqk115kvq107j7,ohc-kuw-puy-ene
69,daily,121ttb662mni541b7,ayk-oxp-sht-ytw
52,weekly,704ylr319thg828u9,oij-xja-bxg-eqn
26,daily,638yoy644aqv842w8,hih-vuf-ozr-tas
90,weekly,203tej248gyy702f4,ekq-moz-kbx-fli
40,daily,003yzj518dji761m8,ytw-etj-xki-stq
33,daily,760ftr252lba177x4,rkb-pga-mzp-zmo
19,daily,943dbj853srn057o4,kne-lgo-xgv-pju
63,monthly,787aht525ahn888m2,ugx-xiz-enu-pcs
61,daily,482pqj170fua878u1,dqm-ghv-jkb-xei
65,daily,317pwc684qwj732y5,cco-xfg-rpr-xbp
14,weekly,390dvf176voy561j1,lav-hav-plu-xtg
83,weekly,532fxa006lbw438f3,iez-slp-ljb-hmq
44,monthly,265fov531vjm769d9,pns-yfy-gtv-vch
22,monthly,713yre026evp522j1,fff-ixa-vhm-gwj
27,weekly,470zyj923amk073c4,nrg-zyj-mzd-fyn
17,daily,019bhh568eob842z5,xho-mgf-owc-pty
94,weekly,440zio084jnx918k7,fxa-zll-ccl-zaf
82,daily,936fbm178tnn199n1,tsx-kek-zdz-wfk
100,monthly,073hyn356leu840k7,qju-pqz-hba-kcp
20,weekly,293gou244ipb306p8,wnq-wwa-ipa-lyj
34,daily,891wzx085lnh944p0,ysi-nyg-qig-xgd
8,daily,760von944gyj257p7,ppk-nlm-htc-csj
27,weekly,656yiy095tbc947u2,orv-lyt-oen-thh
13,weekly,616dwf038xik778j3,ipi-bsj-qsn-eal
48,monthly,060lxn158toa994x1,prr-yth-sef-jar
59,weekly,672ytt859wki530u3,qne-whw-rwh-wya
74,daily,934qde410duo558a0,wny-jbs-usm-vhi
7,weekly,906uoj695iff985x2,tus-bge-xtt-vbg
40,monthly,806pio838jhs324h8,cug-umr-vws-kkw
97,daily,881kyz465vni146p1,jab-ogy-fqh-ygn
34,daily,786ezn987wts278h0,zmf-rti-wor-fqo
2,monthly,808xgr380vou224t4,ehk-djk-jrq-vxe
73,weekly,468bmx416lil885k9,ckb-qzl-ijb-yyn
37,weekly,392fjv652olg699l5,lhf-uaw-uuj-sue
23,daily,418zor636wrm520h0,mgh-tep-fjv-anc
50,daily,050stb885thp547q4,cdw-cuo-low-kzf
15,weekly,397tdw966izi619u3,efn-wqe-rge-ikm
88,weekly,813krd940zna746n2,woy-pyg-xpq-wbm
81,daily,705cvv808gdk546o7,duk-hul-ngv-ohq
4,weekly,868ogz733qrf381f4,dbb-akq-bkd-nkd
83,monthly,950xdj140oml183x4,fvq-zhh-ltu-txh
65,monthly,654yuj533bui396h7,klq-ywi-uvw-ohj
41,weekly,963zuw981hqv984m6,ymq-sms-rof-qwn
57,daily,936lke706bmc596t4,fwp-pnv-smv-eer
36,weekly,089htb756xqx031j8,mhn-mij-mbh-msa
30,weekly,235lsx959xie725c1,jjf-fks-xhi-nbn
87,daily,370fyy176jcy172r3,xbv-dsg-ygb-jcg
89,weekly,378rfg950uod847h0,gdc-vmg-mpe-gnt
46,weekly,705grq965qht219d9,ext-gxn-dwm-ebm
19,daily,824kxb216smk959m5,xyf-rrp-zjv-lln
14,monthly,074ezw648pkc323g8,sxi-ioz-ubf-znn
11,daily,584zdu164pep574x1,fph-uuj-bid-sdd
91,daily,759okl286eqr485p3,bec-qfv-osx-xnl
82,monthly,664zag154jqc251x9,tjo-szf-nyy-dsq
8,weekly,724rst376mrm118d6,piv-yhj-hay-xds
93,weekly,933plz828acc694k6,bou-btx-ucs-pyu
15,daily,160fzu594adw697p1,wza-aaw-prh-upj
92,daily,296ioo760ewv670s2,oxv-cec-jkd-fsq
50,monthly,087pcb171jxi204o5,ueh-hyy-rfo-mpg
81,weekly,338hqq355ojv319q5,rfj-rqf-qap-flc
42,monthly,753dgn757jvz960z3,iii-sza-yce-snw
57,daily,173pzn398rlo273h2,okz-izz-fgn-tag
62,daily,566phy732ghk670o4,zah-kqh-scc-qxn
27,daily,885krf024fyy822t1,yyz-vrx-okd-wwg
78,daily,120hoq208ter602j2,ooa-lqw-emq-fln
44,daily,340ogl570zvy347v8,bot-fvl-onp-edy
68,daily,570ekd340zpa368h5,rjy-rad-bec-ljr
101,weekly,428gwt601yya282b9,hno-vsd-vcw-okd
29,monthly,090bri529tzn154j9,pgy-bzy-dfr-qyd
6,monthly,413bmi501fpr529w7,zyu-iqc-svd-esh
14,daily,179ssq732ize388v6,jxg-hkd-zzu-ioj
75,weekly,760xej548kha264t6,tlf-ogj-yzx-nsj
7,daily,437xqb362bsd781x0,gpb-bou-bib-gwl
88,weekly,984hsu960ppw565q0,afm-blu-xpv-mhm
52,daily,475dbw923tbx082a3,ulx-uhk-lyj-xgj
6,monthly,265vea898qkm985z0,lkb-bdu-hjh-fza
54,weekly,018jch107zjr676v6,ldw-zgg-qef-czm
23,weekly,879ghd310qdq147c7,ggh-pac-tul-gdp
15,monthly,971nnt459tkw706o7,lpk-tzx-mwv-dhs
87,daily,269crs759xrz707c1,ijg-bjo-aol-swu
31,daily,525ljk435wjs379z7,hvy-dws-pyj-vnl
95,daily,378qmn904fxt285c6,fkm-aga-bem-sje
47,weekly,083npn187vdg024g9,spg-pup-tlg-ymz
100,monthly,639swd922rgs062g1,phn-myy-zua-xhq
87,weekly,237esh849kli134e1,poo-rge-djp-gvk
26,daily,450dbm258qur549m5,pto-gos-wun-xsv
45,weekly,143xmf725fyi205f8,hav-txr-vpr-ovc
92,daily,058dvr441mqd466t6,yhk-rvd-tch-mwy
6,weekly,137zps890wur280w1,ymm-ovk-alm-jsu
73,daily,051zrz697ajk445i8,lrg-unu-pho-oui
48,monthly,793glj305ukh876k6,wym-zra-ofp-tgu
68,monthly,929xxi531ekq376w9,qev-tai-qxd-ygl
55,weekly,518qlt100lxq018z5,blr-rle-afx-yfn
81,weekly,035osd264cva796h8,nsn-fca-vxd-tdh
33,monthly,787csv125oik117s3,epe-wns-zmo-twp
96,daily,106nmb236fgj794x5,byf-jyp-jki-xop
28,daily,172sdf971rav354q0,spr-cui-ziv-mar
11,daily,198gdz004lps354u4,tpc-qlw-emo-efj
94,daily,099flz610opq030n4,ezn-ipc-zkb-puq
89,weekly,895lys649uvo892t8,oog-jmq-upb-bwz
93,daily,376ghb701zgx025g5,kre-uxn-ulw-dub
96,monthly,099qvc108zhb328o6,ret-zte-hte-php
60,daily,873jaz937hjx571b2,oab-jja-mgt-dbu
42,monthly,280xqy071nfd129h9,wms-evx-tdd-uqz
42,monthly,663kyr748zxh627t0,qsl-ipb-hnj-nvf
44,monthly,672qbr264tqq159g3,hgx-yww-zgc-hjb
61,weekly,509tdr281jmd353h9,pwa-esb-fwv-afk
2,weekly,304wxh533cgb074r2,ble-fov-vxc-phe
19,weekly,941dnq695bzb358y0,taf-avi-zjv-pxp
11,daily,938xfo230vrn375y7,xys-pcn-jms-eyq
13,daily,420hlo777hlz971e2,vsn-umn-kjr-buu
40,monthly,821kcp930xpi649l2,oab-jtv-qck-qlx
71,monthly,891vit410cvo848n6,vkj-slw-jeo-qpe
94,weekly,744fly890qcw079e9,dio-sbw-ufw-rmc
100,monthly,137alk635rtw015h0,ysp-axg-yeg-wdo
50,monthly,183yja260ebz167g7,kcu-rhq-uev-cbc
83,daily,191kiz577mki977g6,clz-frk-gqn-hki
89,daily,271ufd072cod302h2,nsl-djc-blw-hfo
31,daily,663unw425jsg255i6,mxg-mhs-xvy-fey
55,weekly,544oeh520dor502u8,scl-mwm-mbq-vjb
76,monthly,701nat515yqs261c3,ihw-eyr-edg-izg
33,monthly,576uty932zro380l0,rmz-qbf-bhn-ypc
94,monthly,761ues532myk848b4,mxv-mxi-kxp-sup
13,weekly,305asg644vlf298v2,jvc-gdj-knq-jpq
25,daily,516yio541kiz221z9,spe-tnq-azb-oyd
66,monthly,505obd405gfj677j6,zny-hea-qzq-eat
94,weekly,172elz199yps382q5,fbb-igi-ggk-zbi
62,monthly,599oqa788hyk583u2,cwz-jzo-dhw-rhg
23,weekly,397uzz748vcr728r7,izk-vqe-oiv-vsw
13,daily,706jjo662gfu710y5,bgu-gte-mxh-mql
83,weekly,265bvl817gab544p7,lli-ylf-kqg-crv
66,weekly,380tbf470mtp733s6,uwf-szn-kny-xnx
39,daily,881mod394idb176j9,kza-pfx-zae-hyz
34,weekly,842lin433ckx264r2,oxu-cuo-faz-czv
3,weekly,071dca594mrs068m7,rlo-vno-zvr-vsq
11,monthly,073dlo377wqr099n9,bhs-ehz-vmd-ice
23,weekly,119ffp251ajf034g5,pql-oov-zeb-wrn
27,monthly,988yrj755jwt914p5,lxg-rux-fnk-urx
22,monthly,358oyz671zql674g3,lbe-fnk-ihm-ucr
42,monthly,497iek703quc644t1,dtb-pee-jrs-heu
28,monthly,325mwe741bql502x2,wbw-ohh-pxu-pvd
75,monthly,286exc885cwo465d3,jfq-sis-boe-jqi
70,daily,411tuc122gal142n1,psw-lpc-ewh-xok
62,daily,841pwq467oyc044u6,dbw-qza-ide-fac
89,monthly,721jme797nbc608f7,alu-mpb-ogd-jdx
54,daily,742cnf854ncf276z6,kbm-apf-zfs-swc
12,weekly,723wnd394fzw775p3,diy-qeb-vtk-ply
16,weekly,415xfk600ddf018s6,szk-whl-pjo-jrw
28,daily,788bwf802tjh744l3,xml-lau-mvf-pxc
65,monthly,613yqu838hch462w9,ort-wnb-vrp-psd
33,weekly,203lca404suh118g9,lue-wuz-tcc-raz
24,weekly,327vdy582ckv695h2,kav-khi-ayj-taq
36,weekly,636wit974ygq192s7,tal-rni-wfa-ytg
62,daily,372zpl736dpi901c5,zmw-czx-tpp-gae
75,daily,403nkx067uqv525s7,sqs-jol-qns-ewc
33,weekly,686tzh572sjy539e1,njd-azy-bze-pis
41,daily,250ykp896dae507q5,hsy-gxt-pbv-bnt
49,monthly,474qum847zfr983f5,tgu-oej-wwt-gbr
87,monthly,198ith680eic441b0,ulh-lke-crp-yoj
88,monthly,379zwn280oqh206r5,jhk-srx-ivb-wgd
47,monthly,956jli273gca622h3,xtx-lni-iic-ghx
83,weekly,937rcf684rtx353z0,wre-ipg-plh-ost
26,weekly,344mib069kte313t4,vcd-wnx-sfx-uqo
72,daily,047bzu116kag301b4,irf-wvo-njf-rkx
5,daily,629fid417btr705w0,qqu-pqc-bwd-dhr
80,weekly,641kyy950viu648n7,wym-epl-xcq-yuy
37,weekly,103hoy572khe561z1,jmu-jdv-bcw-byc
13,daily,713eaw550cgi853o0,lcj-anc-atb-xfu
72,weekly,892cpm868fix274q0,fmb-jjf-zon-saw
30,monthly,803fdm963ymy164c8,ppe-jhf-bik-kse
16,monthly,640bpm829ghd513s9,mon-efz-iso-ddo
50,weekly,565dvw086okw112o0,krv-dqt-kaz-mij
18,weekly,989lnc963ccp271b9,jhh-ogp-ycg-sea
50,weekly,165pld293usw269b7,bgy-vch-nsg-smu
70,weekly,000lmk929wcz232v1,xnf-iyy-trq-afj
49,daily,415epi876gal529z1,igr-jgd-plf-fry
98,daily,109qzh763smm955r4,imc-uwk-bgr-vgw
50,daily,669vbn380qtg916k3,rhv-kfn-bjh-shj
52,weekly,372qmx232zet726b2,rwi-yyk-ycn-oev
59,weekly,599pvb139sqr892a0,jup-iif-qwd-xsh
31,daily,421aka632ego769k0,vli-ejd-sgd-vtw
81,weekly,089wkb461zrr404y6,tyn-ctc-sgp-ggt
51,daily,722neo435svi490k2,axp-kmt-igs-mvk
72,monthly,484yhe179lur509d4,xnn-avf-ile-sqn
26,monthly,854lwc925gcl436u3,lcb-pkt-ate-jxk
59,monthly,881jua374vdw407r6,abf-eqn-xiz-krt
8,daily,056yom886sev959q4,duh-zhh-qhb-sed
45,monthly,502ikv610qtv322r9,vlg-vrv-iou-gtn
95,monthly,127bkp915vvj221u8,nxi-adk-ody-gjm
74,weekly,349lcq878vvh119z2,got-tdy-ihn-exj
61,weekly,022jlb169xpi840n5,jtj-aua-ikw-twf
76,weekly,957hwn738nlu431d5,hue-tts-cyu-vab
22,weekly,099jtt268xtk038q2,eyb-mmo-sxv-obt
62,daily,834nva702ymu158q6,kkx-qkd-cpi-dai
87,daily,499lun604rlc081o4,uxk-qpc-skx-tio
51,monthly,203kzj121uhj084f8,uhy-bwo-ncc-nsn
50,weekly,244pva526kmk474j8,bue-lch-xbh-goc
100,weekly,612xie585wkh161m6,ijp-pms-ouj-cfg
51,daily,771hke500ttx814i1,pyj-vgc-lfl-naa
73,weekly,301afg288xyi044o6,vsk-cbt-raf-ekp
86,weekly,568zst827rbe620e5,tiu-bqb-hfm-cmi
6,monthly,190iqe935xof196j1,xjj-xqx-itd-sqb
41,weekly,628bwa247cjz111v3,dam-tzg-iln-ifb
18,monthly,327bpr022njg973g6,lup-gtv-njr-cvl
81,daily,624pdi261ljg205l1,kzd-bpt-ske-mcb
75,weekly,168ccs618voj601g6,lgj-kei-kkj-msa
22,weekly,342cct723xoh568s5,gcy-qjb-scy-vis
2,monthly,490plv491rrt902c2,ajc-ege-uhf-tba
87,weekly,609ehh297okl349n6,ffy-mnp-cau-uks
88,monthly,944zgd701qvs245k4,iqp-jmc-ral-xhv
45,daily,311gks904zsw158o1,ngk-gtm-hzh-gyx
31,monthly,864dde272nmx200c7,ugq-usq-kua-wts
86,monthly,721fvp196lge024q8,xom-wrn-kbq-ada
8,daily,838sdq408atb891d0,cmx-aur-ixq-hyr
61,monthly,069taf435bej064c7,dhc-wfo-nwy-xjp
41,weekly,243hap677hfh633c2,vle-ibx-dbk-jlu
54,monthly,074ide931hpv910g1,thc-hgd-mpe-zlz
75,daily,346wrj528wps886t0,zoq-bnx-msr-iop
51,daily,450kry317meh622j7,msf-spt-ssr-dww
3,daily,239xtv897quh539b8,qzo-wwe-cml-hyd
58,monthly,370vgd222qcu602d1,qcd-zcv-bec-sse
81,weekly,285bfe824vfd433v8,fbt-yuv-pir-ubv
69,monthly,429ace071vna457f9,jzw-idm-ttk-oym
84,monthly,750zdj917uwf111u1,oal-btq-owj-otn
32,weekly,237qad192ama967t1,sfj-mbq-cvp-yry
15,daily,288tkv843bdp321d9,jem-mht-lgw-nac
92,weekly,068ryc233iti998z4,fdq-ssk-hcv-qrk
26,weekly,473jgp969pem717j1,frd-jbk-icd-bgu
44,monthly,133ovb729tzd742m1,mtp-ppp-poy-pxx
94,monthly,269dsi171bhg720q2,zbd-lsp-kcv-riy
63,monthly,251jsu925lai559d6,jlb-wcq-ugs-hxx
22,monthly,080sji683hhw182o3,wsk-hgo-lka-wbd
59,weekly,637rww633izz412o9,yrt-udv-sjn-brh
75,weekly,726aei760adr259n0,bow-fpa-whm-hjc
58,monthly,611wto963jmw633u2,cra-vmo-aps-ztz
80,weekly,533gwk700xgr303f7,upt-zjp-ehl-dyh
46,monthly,642cwv479ktg589y4,xhu-lzs-irt-fmq
76,weekly,398gtq541nzh639z2,emg-tfi-jpb-bts
23,daily,742ill034hqy118x0,uix-iei-otd-kxx
15,weekly,817bwz273foh495x9,qrv-lyl-tbs-msn
66,monthly,810ved081ifd093b4,wmv-dgx-coj-ruo
49,daily,001ynn522wml601w2,xsc-lmt-iic-zut
48,monthly,445tly185sbo656p8,gxv-jqb-kzd-cpj
68,monthly,668ijq778eti538h6,ggs-xbj-lfe-czn
80,weekly,118ncc984ffh371m5,zbx-gxp-pop-gop
66,daily,213jmm014fgd727b1,ftp-six-cbw-ebz
99,monthly,147zav437vap832u4,zje-zkx-fus-oim
100,weekly,602lyh895kma019g5,rgu-dle-llm-gfr
79,monthly,621qtg103sya388s1,ypw-zgp-yud-ftw
89,daily,816yow387vlo520i0,sld-yxa-hcz-uxn
67,monthly,107bwr094lku829a8,inu-qhw-jvj-btr
4,weekly,454vvo801rda421c1,yjp-xtn-oby-hws
8,weekly,947tok226bxs357e5,yco-pnm-hwf-jgj
84,daily,907ash405uze504c1,jkg-nrd-lnl-thv
61,weekly,416fic831hwo481m1,ufl-xxn-cej-dqo
76,daily,691uly796qjb826q1,gqv-efa-sty-umq
43,daily,268swt448zzb181c4,kda-vms-qpp-ufj
57,daily,570qeg424fom134a2,hxy-kwt-rjf-jui
44,daily,477xpd144cby098d0,vwm-hhw-vnd-omh
86,weekly,866muo312hpt449h2,zcb-mep-wva-bxc
55,weekly,341vwr080swt142z1,czb-wnt-ous-ogf
67,weekly,456hpd143uan760p2,xya-qax-nvs-fza
74,daily,775esz565qeo733c0,qxs-bfx-vsk-env
24,daily,917iyw317zud867i9,kpz-gid-ejp-dxm
50,monthly,369ulm509yez947u6,eiy-bkq-wsu-fmy
16,weekly,547ceh214iwk411p8,jhp-gzy-otk-mwk
16,monthly,636tsj603uru069l9,rxi-eoh-lpy-rkt
94,weekly,814eup918rnn497m8,oiy-kkq-wjw-pif
50,daily,000rxj168qvz247q2,frs-lqk-vao-ifh
31,monthly,181nqe003tqs030d9,cyf-jzx-jpd-ivb
77,weekly,161naq266ccr243j3,kcu-tmu-vsc-llz
99,weekly,159tsp628dyr681w4,kwd-vgm-qfq-htz
53,monthly,135gbt532rxf077s7,xlw-cbb-wts-rpd
47,daily,265xiv701ise083k7,vme-dof-ykc-axs
92,weekly,302acg716ptc386e3,dsc-ced-fch-upr
19,monthly,241xjc301otm592h4,jal-hts-cas-hjb
36,monthly,356dvu832bxf517n9,rgv-mkv-jwz-wap
85,weekly,045onw845lci469j8,iyk-yxn-wfo-pwn
62,weekly,577pdq610vkb688x2,gwg-kno-kyx-cuv
34,monthly,711clv818wrw121o5,yea-dfc-cbw-nil
47,weekly,027yjj751hzd538k0,urp-uls-svq-weh
44,daily,941ykx877xwl179r9,aoo-kps-egk-yeh
23,weekly,166kdh726dwm263n0,dum-vvh-hob-swc
88,monthly,872soz881cmq754y8,mmt-rkp-loh-lnc
51,daily,154sla231vbs632f7,peg-qct-sar-scy
42,daily,559frd475cof728n6,nlz-hgm-hbe-prb
46,weekly,541ilk839jhp405e3,wqf-rah-cqt-nlj
35,daily,867vlb683gom955x7,wos-hib-fqk-njs
50,weekly,326ibp757avi584g9,obo-wgq-bco-qga
80,weekly,295wbv358dpk135e3,dno-ggr-ngd-zwn
26,daily,737nzj355hje922g6,dmr-qzg-urh-afz
27,daily,659htr342oza109y4,jcn-ibz-urk-mne
98,daily,715xge752eop305l4,pqf-rzv-azc-okm
26,weekly,102vao994bvv461n3,cwv-yjb-xil-lup
90,daily,903okq345znm826x8,pqm-tqx-mnu-zmp
74,weekly,809vkv791jie000u7,lzw-cbw-dtv-ikh
8,daily,866ovs866mvn901g1,tdx-uxq-xjy-wjc
34,weekly,185rbz874fpz271d5,rmc-xpe-mww-zxx
15,daily,092cnj415fvk675u4,iow-wuc-rsv-ajg
53,monthly,762mkv337sle155p3,zct-ojr-ous-jnp
23,monthly,823lvu130bur867f8,dgx-hxk-sbm-aes
45,monthly,888xtw586plj637v9,qjv-htr-zhi-zuh
18,weekly,461vbm674rqb308o4,nck-tqj-fmb-ojg
42,weekly,differentFromRemote,nck-tqj-fmb-ojg
